ID,Full Name,Email,Referral Code,Referral Count,User Type,Created At
1,Eric Taylor,erictaylor940@gmail.com,-IV7BI3UX3,0,user,Fri Mar 14 2025 20:21:21 GMT+0000 (Coordinated Universal Time)
2,Ray Murray,raymurray860@gmail.com,CRN4YH3V3W,0,user,Fri Mar 14 2025 20:21:21 GMT+0000 (Coordinated Universal Time)
3,Elizabeth Carrillo,elizabethcarrillo944@gmail.com,IRHLNQ3VA4,0,user,Fri Mar 14 2025 20:21:21 GMT+0000 (Coordinated Universal Time)
4,Edwin Johnson,edwinjohnson946@hotmail.com,-UAH2F3VGD,0,user,Fri Mar 14 2025 20:21:22 GMT+0000 (Coordinated Universal Time)
5,Tommy Sims MD,tommysimsmd551@yahoo.com,-78NUK3VMK,0,user,Fri Mar 14 2025 20:21:22 GMT+0000 (Coordinated Universal Time)
6,Gail Lawrence,gaillawrence94@hotmail.com,U6OFYI3VSU,0,user,Fri Mar 14 2025 20:21:22 GMT+0000 (Coordinated Universal Time)
7,Charles Cain,charlescain394@hotmail.com,-7CGTC3VZ1,0,user,Fri Mar 14 2025 20:21:22 GMT+0000 (Coordinated Universal Time)
8,Jane Savage,janesavage950@yahoo.com,-O5ITT3W5A,0,user,Fri Mar 14 2025 20:21:22 GMT+0000 (Coordinated Universal Time)
9,Virginia Simmons,virginiasimmons618@gmail.com,87ZDTH3WBH,0,user,Fri Mar 14 2025 20:21:23 GMT+0000 (Coordinated Universal Time)
10,Cheyenne Shaw,cheyenneshaw293@gmail.com,QHJ1MH3WHO,0,user,Fri Mar 14 2025 20:21:23 GMT+0000 (Coordinated Universal Time)
11,Shawn Rowe,shawnrowe721@hotmail.com,-SMJPQ3WNV,0,user,Fri Mar 14 2025 20:21:23 GMT+0000 (Coordinated Universal Time)
12,Valerie Glover,valerieglover191@hotmail.com,-8QZSO3WU4,0,user,Fri Mar 14 2025 20:21:23 GMT+0000 (Coordinated Universal Time)
13,Daniel Hayes,danielhayes971@hotmail.com,-KZETO3X09,0,user,Fri Mar 14 2025 20:21:24 GMT+0000 (Coordinated Universal Time)
14,Jeffrey Rodriguez,jeffreyrodriguez391@yahoo.com,GU37543X6I,0,user,Fri Mar 14 2025 20:21:24 GMT+0000 (Coordinated Universal Time)
15,Leslie Hughes,lesliehughes739@yahoo.com,-5XRVA3XCP,0,user,Fri Mar 14 2025 20:21:24 GMT+0000 (Coordinated Universal Time)
16,Michael Jones,michaeljones673@hotmail.com,QJTZI13XIV,0,user,Fri Mar 14 2025 20:21:24 GMT+0000 (Coordinated Universal Time)
17,Lisa Rogers,lisarogers255@yahoo.com,TFCHEM3XP3,0,user,Fri Mar 14 2025 20:21:24 GMT+0000 (Coordinated Universal Time)
18,Brenda Ramirez,brendaramirez996@hotmail.com,UKJA7B3XVA,0,user,Fri Mar 14 2025 20:21:25 GMT+0000 (Coordinated Universal Time)
19,Erik Smith,eriksmith122@gmail.com,HUMV0U3Y1G,0,user,Fri Mar 14 2025 20:21:25 GMT+0000 (Coordinated Universal Time)
20,Kim Stein,kimstein495@gmail.com,LMGBS73Y7M,0,user,Fri Mar 14 2025 20:21:25 GMT+0000 (Coordinated Universal Time)
21,Julie Gonzalez MD,juliegonzalezmd657@gmail.com,-SV8NJ3YDR,0,user,Fri Mar 14 2025 20:21:25 GMT+0000 (Coordinated Universal Time)
22,Robert Nicholson,robertnicholson189@gmail.com,-KX30K3YJY,0,user,Fri Mar 14 2025 20:21:26 GMT+0000 (Coordinated Universal Time)
23,Collin Johnson,collinjohnson523@yahoo.com,YWL18Z3YQ4,0,user,Fri Mar 14 2025 20:21:26 GMT+0000 (Coordinated Universal Time)
24,Randall Taylor,randalltaylor973@hotmail.com,-XQO1F3YWA,0,user,Fri Mar 14 2025 20:21:26 GMT+0000 (Coordinated Universal Time)
25,Craig Johnson,craigjohnson339@hotmail.com,-P7YVV3Z2F,0,user,Fri Mar 14 2025 20:21:26 GMT+0000 (Coordinated Universal Time)
26,Todd Schroeder,toddschroeder681@yahoo.com,1QMTOC3Z8O,0,user,Fri Mar 14 2025 20:21:26 GMT+0000 (Coordinated Universal Time)
27,Carol Lewis,carollewis519@gmail.com,8YDOC73ZEU,0,user,Fri Mar 14 2025 20:21:27 GMT+0000 (Coordinated Universal Time)
28,Eddie Paul,eddiepaul88@gmail.com,-E8QA13ZL0,0,user,Fri Mar 14 2025 20:21:27 GMT+0000 (Coordinated Universal Time)
29,Emily Martin,emilymartin311@gmail.com,KEPK633ZR7,0,user,Fri Mar 14 2025 20:21:27 GMT+0000 (Coordinated Universal Time)
30,Daniel Clark,danielclark444@gmail.com,-TA9OO3ZXM,0,user,Fri Mar 14 2025 20:21:27 GMT+0000 (Coordinated Universal Time)
31,Brooke Phillips,brookephillips313@gmail.com,1Y0IKH403S,0,user,Fri Mar 14 2025 20:21:28 GMT+0000 (Coordinated Universal Time)
32,Angela House,angelahouse228@hotmail.com,RID4Q740A0,0,user,Fri Mar 14 2025 20:21:28 GMT+0000 (Coordinated Universal Time)
33,Mike Medina,mikemedina683@yahoo.com,CX9CXQ40G7,0,user,Fri Mar 14 2025 20:21:28 GMT+0000 (Coordinated Universal Time)
34,Joseph Singh,josephsingh101@gmail.com,ORBJMH40MC,0,user,Fri Mar 14 2025 20:21:28 GMT+0000 (Coordinated Universal Time)
35,Patricia Davis,patriciadavis912@hotmail.com,-W2UVP40SJ,0,user,Fri Mar 14 2025 20:21:28 GMT+0000 (Coordinated Universal Time)
36,Don Dominic,dom@dom.io,-A25N1C8BM,0,user,Sat Mar 15 2025 02:03:50 GMT+0000 (Coordinated Universal Time)
37,Oleksander Krizhanovskyi,karatelkros@gmail.com,86S18289MW,1,user,Tue Mar 18 2025 02:47:43 GMT+0000 (Coordinated Universal Time)
38,Daniel Otieno,dan@peochain.xyz,CM419D8TAT,0,user,Tue Mar 18 2025 02:48:08 GMT+0000 (Coordinated Universal Time)
39,Oliver Prest,oli.prest@outlook.com,U7QOJM5TQR,0,user,Tue Mar 18 2025 03:13:48 GMT+0000 (Coordinated Universal Time)
40,Alejandro Sandres,jjsandres13@gmail.com,-77Y5N6TUG,0,user,Tue Mar 18 2025 03:14:35 GMT+0000 (Coordinated Universal Time)
41,Emily Taylor,emily.taylor@gmail.com,-RGGGYFVPK,0,user,Tue Mar 18 2025 03:21:37 GMT+0000 (Coordinated Universal Time)
42,David Brown,david.brown@gmail.com,-CB4JPGMU7,0,user,Tue Mar 18 2025 03:22:12 GMT+0000 (Coordinated Universal Time)
43,Laura Wilson,laura.wilson@gmail.com,932WFCHEQB,0,user,Tue Mar 18 2025 03:22:48 GMT+0000 (Coordinated Universal Time)
44,James Anderson,james.anderson@gmail.com,D1B92HI9LI,0,user,Tue Mar 18 2025 03:23:28 GMT+0000 (Coordinated Universal Time)
45,Sophia Martinez,sophia.martinez@gmail.com,-5YVPPJ2HZ,0,user,Tue Mar 18 2025 03:24:06 GMT+0000 (Coordinated Universal Time)
46,Christopher Lee,christopher.lee@gmail.com,-KSYIIK97O,0,user,Tue Mar 18 2025 03:25:01 GMT+0000 (Coordinated Universal Time)
47,Emma Clark,emma.clark@gmail.com,-WQ2V1L327,0,user,Tue Mar 18 2025 03:25:40 GMT+0000 (Coordinated Universal Time)
48,Liam Walker,liam.walker@gmail.com,R2403WMO26,0,user,Tue Mar 18 2025 03:26:54 GMT+0000 (Coordinated Universal Time)
49,Mia Robinson,mia.robinson@gmail.com,88Z4KINVKH,0,user,Tue Mar 18 2025 03:27:50 GMT+0000 (Coordinated Universal Time)
50,Alex Pombp,alexanderpombo@hotmail.com,-2M41FOKYF,0,user,Tue Mar 18 2025 03:28:23 GMT+0000 (Coordinated Universal Time)
52,Daniil Krizhanovskyi,dk.arecibo@pm.me,GT8V0PA04U,0,user,Thu Mar 27 2025 00:30:08 GMT+0000 (Coordinated Universal Time)
54,Daniil Krizhanovskyi,d.krizhanovskyi@peopay.io,-EPQWX6TH7,0,developer,Thu Mar 27 2025 01:23:39 GMT+0000 (Coordinated Universal Time)
